{
  "cutoff": 0.005,
  "init": "xavier_normal",
  "beta_kl": 0.012462943174630597,
  "norm": "none",
  "strategy": "halve",
  "n_layers": 2,
  "base_dim": 512,
  "latent_dim": 44,
  "activation": "relu",
  "dropout_rate": 0.3,
  "epochs": 100,
  "batch_size": 32,
  "weight_decay": 4.519288946469621e-07,
  "learning_rate": 0.00028425006779440583,
  "grad_clip_norm": 0.7539548608049848,
  "kl_warmup_ratio": 0.551395686942502,
  "cluster_selection_method": "leaf",
  "min_cluster_size": 9,
  "min_samples_token": 5
}